-- phpMyAdmin SQL Dump
-- version 4.7.4
-- https://www.phpmyadmin.net/
--
-- Host: 127.0.0.1
-- Generation Time: Nov 29, 2018 at 11:35 PM
-- Server version: 10.1.26-MariaDB
-- PHP Version: 7.1.9

SET SQL_MODE = "NO_AUTO_VALUE_ON_ZERO";
SET AUTOCOMMIT = 0;
START TRANSACTION;
SET time_zone = "+00:00";


/*!40101 SET @OLD_CHARACTER_SET_CLIENT=@@CHARACTER_SET_CLIENT */;
/*!40101 SET @OLD_CHARACTER_SET_RESULTS=@@CHARACTER_SET_RESULTS */;
/*!40101 SET @OLD_COLLATION_CONNECTION=@@COLLATION_CONNECTION */;
/*!40101 SET NAMES utf8mb4 */;

--
-- Database: `dss`
--

-- --------------------------------------------------------

--
-- Table structure for table `day`
--

CREATE TABLE `day` (
  `publish_wday` varchar(10) NOT NULL,
  `views` int(30) NOT NULL
) ENGINE=InnoDB DEFAULT CHARSET=utf8;

--
-- Dumping data for table `day`
--

INSERT INTO `day` (`publish_wday`, `views`) VALUES
('Rabu', 1001770986),
('Jumat', 900171922),
('Kamis', 752873209),
('Minggu', 735880214),
('Sabtu', 628088342),
('Selasa', 615798588),
('Senin', 580676091);

-- --------------------------------------------------------

--
-- Table structure for table `daycat`
--

CREATE TABLE `daycat` (
  `publish_wday` varchar(20) NOT NULL,
  `category_id` varchar(30) NOT NULL,
  `views` int(30) NOT NULL
) ENGINE=InnoDB DEFAULT CHARSET=utf8;

--
-- Dumping data for table `daycat`
--

INSERT INTO `daycat` (`publish_wday`, `category_id`, `views`) VALUES
('Jumat', 'Comedy', 441981794),
('Minggu', 'Film and Animation', 316163610),
('Rabu', 'Film and Animation', 302032879),
('Senin', 'Howto and Style', 250845506),
('Kamis', 'Comedy', 239680981),
('Kamis', 'Film and Animation', 200487658),
('Sabtu', 'People and Blogs', 194924049),
('Minggu', 'Comedy', 188906826),
('Rabu', 'Science and Technology', 178984697),
('Selasa', 'People and Blogs', 174684078),
('Selasa', 'Comedy', 168436975),
('Rabu', 'Howto and Style', 162379229),
('Sabtu', 'Howto and Style', 154621129),
('Minggu', 'Howto and Style', 144377596),
('Rabu', 'Sports', 141435083),
('Sabtu', 'Comedy', 132475393),
('Rabu', 'Comedy', 131281254),
('Selasa', 'Sports', 127703419),
('Jumat', 'Science and Technology', 118508402),
('Jumat', 'Film and Animation', 118289531),
('Senin', 'People and Blogs', 113575527),
('Jumat', 'People and Blogs', 110370283),
('Kamis', 'Science and Technology', 97166541),
('Jumat', 'Howto and Style', 93935797),
('Rabu', 'People and Blogs', 85657844),
('Selasa', 'Science and Technology', 74152055),
('Kamis', 'People and Blogs', 73232830),
('Kamis', 'Sports', 72806814),
('Senin', 'Comedy', 70411475),
('Kamis', 'Howto and Style', 69498385),
('Sabtu', 'Film and Animation', 66268236),
('Senin', 'Sports', 61227064),
('Sabtu', 'Science and Technology', 61081965),
('Senin', 'Science and Technology', 49130862),
('Selasa', 'Howto and Style', 42977724),
('Minggu', 'People and Blogs', 41808952),
('Senin', 'Film and Animation', 35485657),
('Selasa', 'Film and Animation', 27844337),
('Minggu', 'Sports', 25607520),
('Minggu', 'Science and Technology', 19015710),
('Sabtu', 'Sports', 18717570),
('Jumat', 'Sports', 17086115);

-- --------------------------------------------------------

--
-- Table structure for table `daycatpub`
--

CREATE TABLE `daycatpub` (
  `publish_wday` varchar(10) NOT NULL,
  `category_id` varchar(30) NOT NULL,
  `views` int(20) NOT NULL
) ENGINE=InnoDB DEFAULT CHARSET=utf8;

--
-- Dumping data for table `daycatpub`
--

INSERT INTO `daycatpub` (`publish_wday`, `category_id`, `views`) VALUES
('Minggu', 'Film and Animation', 316163610),
('Minggu', 'Comedy', 188906826),
('Minggu', 'Howto and Style', 144377596),
('Minggu', 'People and Blogs', 41808952),
('Minggu', 'Sports', 25607520),
('Minggu', 'Science and Technology', 19015710),
('Sabtu', 'People and Blogs', 194924049),
('Sabtu', 'Howto and Style', 154621129),
('Sabtu', 'Comedy', 132475393),
('Sabtu', 'Film and Animation', 66268236),
('Sabtu', 'Science and Technology', 61081965),
('Sabtu', 'Sports', 18717570),
('Jumat', 'Comedy', 441981794),
('Jumat', 'Science and Technology', 118508402),
('Jumat', 'Film and Animation', 118289531),
('Jumat', 'People and Blogs', 110370283),
('Jumat', 'Howto and Style', 93935797),
('Jumat', 'Sports', 17086115),
('Kamis', 'Comedy', 239680981),
('Kamis', 'Film and Animation', 200487658),
('Kamis', 'Science and Technology', 97166541),
('Kamis', 'People and Blogs', 73232830),
('Kamis', 'Sports', 72806814),
('Kamis', 'Howto and Style', 69498385),
('Rabu', 'Film and Animation', 302032879),
('Rabu', 'Science and Technology', 178984697),
('Rabu', 'Howto and Style', 162379229),
('Rabu', 'Sports', 141435083),
('Rabu', 'Comedy', 131281254),
('Rabu', 'People and Blogs', 85657844),
('Selasa', 'People and Blogs', 174684078),
('Selasa', 'Comedy', 168436975),
('Selasa', 'Sports', 127703419),
('Selasa', 'Science and Technology', 74152055),
('Selasa', 'Howto and Style', 42977724),
('Selasa', 'Film and Animation', 27844337),
('Senin', 'Howto and Style', 250845506),
('Senin', 'People and Blogs', 113575527),
('Senin', 'Comedy', 70411475),
('Senin', 'Sports', 61227064),
('Senin', 'Science and Technology', 49130862),
('Senin', 'Film and Animation', 35485657);

-- --------------------------------------------------------

--
-- Table structure for table `dayhour`
--

CREATE TABLE `dayhour` (
  `publish_wday` varchar(10) NOT NULL,
  `publish_hour` int(10) NOT NULL,
  `views` int(20) NOT NULL
) ENGINE=InnoDB DEFAULT CHARSET=utf8;

--
-- Dumping data for table `dayhour`
--

INSERT INTO `dayhour` (`publish_wday`, `publish_hour`, `views`) VALUES
('Minggu', 10, 269584134),
('Senin', 3, 207502073),
('Jumat', 16, 194054015),
('Sabtu', 0, 142284018),
('Rabu', 13, 133714367),
('Selasa', 17, 130241014),
('Kamis', 9, 128787055),
('Kamis', 12, 124399130),
('Rabu', 16, 122517391),
('Jumat', 13, 121608120),
('Rabu', 17, 104919150),
('Rabu', 15, 97956428),
('Sabtu', 13, 88667932),
('Minggu', 14, 83692301),
('Kamis', 15, 80412763),
('Selasa', 12, 79076659),
('Selasa', 16, 78270140),
('Jumat', 12, 75447411),
('Jumat', 9, 74300356),
('Jumat', 21, 73911389),
('Minggu', 15, 70975898),
('Sabtu', 14, 70003979),
('Rabu', 11, 69572820),
('Kamis', 13, 69343083),
('Kamis', 18, 67697881),
('Jumat', 11, 66125369),
('Minggu', 13, 60766980),
('Rabu', 12, 56692008),
('Rabu', 10, 56188245),
('Senin', 14, 55189430),
('Senin', 19, 53392548),
('Jumat', 1, 51902054),
('Kamis', 10, 50434658),
('Rabu', 14, 48767697),
('Minggu', 16, 48329633),
('Minggu', 11, 47835519),
('Jumat', 22, 45708579),
('Senin', 20, 45017930),
('Rabu', 19, 44671782),
('Senin', 10, 44560840),
('Rabu', 9, 43417592),
('Selasa', 18, 42876904),
('Sabtu', 21, 42283945),
('Selasa', 14, 41943859),
('Rabu', 8, 41224597),
('Kamis', 14, 39719131),
('Sabtu', 17, 38623109),
('Selasa', 10, 38513322),
('Rabu', 18, 37835966),
('Sabtu', 2, 37461876),
('Minggu', 19, 37234522),
('Selasa', 23, 35552685),
('Rabu', 7, 32833593),
('Selasa', 19, 31952506),
('Minggu', 17, 31175110),
('Jumat', 0, 30916348),
('Rabu', 21, 29471473),
('Minggu', 12, 29146971),
('Kamis', 20, 29049198),
('Sabtu', 7, 28701213),
('Senin', 18, 27873524),
('Jumat', 2, 26995702),
('Jumat', 23, 26745526),
('Selasa', 15, 26651602),
('Kamis', 8, 26346408),
('Rabu', 0, 26206976),
('Jumat', 17, 25678370),
('Selasa', 13, 25202030),
('Senin', 16, 24935673),
('Jumat', 15, 24813156),
('Selasa', 20, 24412168),
('Sabtu', 16, 24353650),
('Senin', 12, 21536897),
('Kamis', 2, 21407502),
('Sabtu', 20, 19851965),
('Sabtu', 11, 19592760),
('Senin', 15, 19191455),
('Jumat', 14, 18702635),
('Sabtu', 1, 18503355),
('Sabtu', 15, 17991381),
('Kamis', 4, 17307464),
('Jumat', 18, 16707629),
('Senin', 0, 16632731),
('Senin', 11, 14621334),
('Sabtu', 6, 14139310),
('Sabtu', 4, 13362123),
('Kamis', 21, 13239951),
('Kamis', 3, 12607140),
('Senin', 1, 12510654),
('Selasa', 21, 12430269),
('Minggu', 7, 12090013),
('Kamis', 17, 11939606),
('Selasa', 9, 11923320),
('Sabtu', 12, 11618894),
('Selasa', 8, 11201955),
('Kamis', 22, 10782851),
('Senin', 23, 10562557),
('Rabu', 2, 9542142),
('Kamis', 16, 9468395),
('Kamis', 11, 9311589),
('Rabu', 3, 9161439),
('Kamis', 19, 8998353),
('Minggu', 20, 8905052),
('Sabtu', 10, 8793734),
('Rabu', 1, 8549432),
('Rabu', 23, 8524283),
('Minggu', 9, 8482569),
('Kamis', 23, 7621379),
('Kamis', 6, 7300706),
('Senin', 7, 7151971),
('Sabtu', 19, 7052136),
('Senin', 13, 6404346),
('Rabu', 22, 6096059),
('Selasa', 1, 6054102),
('Sabtu', 22, 6029965),
('Jumat', 19, 5767493),
('Jumat', 10, 5697959),
('Sabtu', 18, 5619951),
('Senin', 9, 5611570),
('Minggu', 18, 5245968),
('Selasa', 11, 5175711),
('Selasa', 22, 5137128),
('Jumat', 8, 5092557),
('Rabu', 4, 5001453),
('Jumat', 5, 4930045),
('Minggu', 22, 4866033),
('Minggu', 8, 4819836),
('Rabu', 20, 4814771),
('Sabtu', 3, 4705730),
('Sabtu', 9, 3726413),
('Minggu', 3, 3497902),
('Minggu', 21, 3181825),
('Jumat', 6, 2738280),
('Minggu', 5, 2535999),
('Sabtu', 8, 2530461),
('Selasa', 3, 2529145),
('Senin', 17, 2322041),
('Selasa', 0, 2301675),
('Kamis', 7, 2276353),
('Kamis', 0, 2193055),
('Selasa', 6, 2104433),
('Rabu', 6, 2083676),
('Senin', 22, 2017117),
('Rabu', 5, 2007646),
('Minggu', 2, 1976721),
('Sabtu', 23, 1944092),
('Senin', 2, 1763402),
('Kamis', 1, 1709307),
('Jumat', 20, 1604626),
('Selasa', 5, 1431304),
('Senin', 21, 1405607),
('Minggu', 6, 882710),
('Selasa', 7, 783397),
('Kamis', 5, 520251),
('Minggu', 0, 463880),
('Senin', 4, 458745),
('Jumat', 7, 381266),
('Jumat', 3, 343037),
('Sabtu', 5, 246350),
('Minggu', 4, 135805),
('Minggu', 1, 42046),
('Selasa', 2, 33260),
('Senin', 8, 13646),
('Minggu', 23, 12787);

-- --------------------------------------------------------

--
-- Table structure for table `dayhourcat`
--

CREATE TABLE `dayhourcat` (
  `publish_wday` varchar(10) NOT NULL,
  `publish_hour` int(10) NOT NULL,
  `category_id` varchar(30) NOT NULL,
  `views` int(20) NOT NULL
) ENGINE=InnoDB DEFAULT CHARSET=utf8;

--
-- Dumping data for table `dayhourcat`
--

INSERT INTO `dayhourcat` (`publish_wday`, `publish_hour`, `category_id`, `views`) VALUES
('Minggu', 10, 'Film and Animation', 224231108),
('Senin', 3, 'Howto and Style', 207117244),
('Sabtu', 0, 'People and Blogs', 130844499),
('Kamis', 9, 'Film and Animation', 108070857),
('Jumat', 16, 'Comedy', 104355749),
('Rabu', 13, 'Film and Animation', 103876681),
('Jumat', 13, 'Comedy', 85442641),
('Jumat', 16, 'Science and Technology', 83145437),
('Selasa', 17, 'Sports', 80145205),
('Sabtu', 13, 'Comedy', 77078636),
('Rabu', 17, 'Sports', 71277371),
('Kamis', 12, 'Comedy', 70178701),
('Rabu', 16, 'Science and Technology', 65252901),
('Jumat', 21, 'Comedy', 58096725),
('Kamis', 15, 'Comedy', 55196612),
('Rabu', 15, 'Howto and Style', 53301950),
('Jumat', 11, 'Howto and Style', 53227256),
('Kamis', 13, 'Comedy', 52498078),
('Selasa', 12, 'Comedy', 51293999),
('Jumat', 1, 'Comedy', 51248389),
('Jumat', 12, 'Film and Animation', 49343325),
('Minggu', 14, 'Film and Animation', 46678094),
('Selasa', 17, 'People and Blogs', 45907542),
('Selasa', 16, 'People and Blogs', 45368467),
('Kamis', 10, 'Film and Animation', 43665310),
('Minggu', 16, 'Comedy', 42570464),
('Sabtu', 14, 'Film and Animation', 41677665),
('Minggu', 15, 'Film and Animation', 41371202),
('Rabu', 12, 'Film and Animation', 41251731),
('Senin', 19, 'People and Blogs', 39309347),
('Minggu', 11, 'Howto and Style', 39299376),
('Jumat', 22, 'People and Blogs', 38140887),
('Jumat', 9, 'Film and Animation', 36064225),
('Selasa', 18, 'People and Blogs', 32377423),
('Sabtu', 17, 'Howto and Style', 32278202),
('Senin', 14, 'Comedy', 32255774),
('Kamis', 18, 'Sports', 32007446),
('Selasa', 16, 'Comedy', 31856279),
('Selasa', 23, 'Sports', 31693612),
('Rabu', 8, 'Film and Animation', 31465892),
('Jumat', 9, 'Comedy', 30570501),
('Sabtu', 2, 'Howto and Style', 30557393),
('Selasa', 19, 'Science and Technology', 29298594),
('Senin', 10, 'Science and Technology', 28495748),
('Rabu', 19, 'Science and Technology', 27130076),
('Senin', 20, 'Sports', 26230110),
('Rabu', 13, 'Comedy', 26227309),
('Rabu', 0, 'Sports', 26206976),
('Minggu', 19, 'Comedy', 25379192),
('Rabu', 14, 'Film and Animation', 24909523),
('Kamis', 8, 'Film and Animation', 24664336),
('Minggu', 13, 'Howto and Style', 23909626),
('Sabtu', 21, 'Science and Technology', 23832561),
('Minggu', 13, 'Comedy', 23815728),
('Rabu', 10, 'Film and Animation', 23795508),
('Kamis', 15, 'Science and Technology', 23588469),
('Minggu', 12, 'Comedy', 23312395),
('Jumat', 23, 'Comedy', 23301893),
('Selasa', 13, 'Comedy', 23261171),
('Jumat', 2, 'People and Blogs', 22554027),
('Minggu', 14, 'Comedy', 22533337),
('Rabu', 16, 'Film and Animation', 22475520),
('Sabtu', 7, 'Howto and Style', 22422154),
('Rabu', 15, 'Comedy', 22178484),
('Rabu', 9, 'Film and Animation', 21768123),
('Selasa', 12, 'People and Blogs', 21711312),
('Selasa', 20, 'Comedy', 21497158),
('Selasa', 10, 'People and Blogs', 20608054),
('Rabu', 15, 'People and Blogs', 20192235),
('Minggu', 10, 'Howto and Style', 19689540),
('Minggu', 17, 'People and Blogs', 19472918),
('Jumat', 0, 'Comedy', 19235213),
('Senin', 15, 'People and Blogs', 19143841),
('Rabu', 11, 'Howto and Style', 18816093),
('Kamis', 9, 'Howto and Style', 18629978),
('Minggu', 15, 'Howto and Style', 18410513),
('Senin', 16, 'People and Blogs', 18194385),
('Rabu', 7, 'Howto and Style', 18098822),
('Jumat', 13, 'Film and Animation', 17478567),
('Kamis', 12, 'Science and Technology', 17379775),
('Jumat', 13, 'Howto and Style', 17156206),
('Rabu', 16, 'People and Blogs', 16932199),
('Sabtu', 16, 'Howto and Style', 16887638),
('Rabu', 9, 'Science and Technology', 16843112),
('Minggu', 10, 'Comedy', 16086205),
('Kamis', 18, 'People and Blogs', 15994811),
('Rabu', 11, 'Film and Animation', 15783103),
('Senin', 10, 'Howto and Style', 15734897),
('Kamis', 13, 'Howto and Style', 15691526),
('Selasa', 14, 'Film and Animation', 15676500),
('Senin', 20, 'Film and Animation', 15640713),
('Senin', 0, 'People and Blogs', 15637035),
('Kamis', 14, 'Film and Animation', 15551977),
('Kamis', 20, 'Comedy', 15066292),
('Kamis', 14, 'Comedy', 14979553),
('Kamis', 4, 'Sports', 14964217),
('Rabu', 7, 'Science and Technology', 14680379),
('Kamis', 2, 'Science and Technology', 14415528),
('Kamis', 12, 'Howto and Style', 14304347),
('Sabtu', 14, 'Howto and Style', 14256692),
('Jumat', 15, 'Comedy', 13970571),
('Selasa', 14, 'Science and Technology', 13963528),
('Jumat', 18, 'Comedy', 13942465),
('Senin', 12, 'Film and Animation', 13838396),
('Jumat', 14, 'Comedy', 13824458),
('Sabtu', 20, 'People and Blogs', 13720265),
('Jumat', 21, 'People and Blogs', 13621944),
('Rabu', 18, 'People and Blogs', 13506837),
('Sabtu', 4, 'Film and Animation', 13362123),
('Rabu', 10, 'Howto and Style', 13238328),
('Senin', 18, 'Comedy', 13149455),
('Rabu', 11, 'Sports', 12973186),
('Senin', 1, 'Comedy', 12484874),
('Rabu', 14, 'Science and Technology', 12456643),
('Kamis', 12, 'People and Blogs', 12271023),
('Minggu', 7, 'Comedy', 11986407),
('Minggu', 19, 'Howto and Style', 11813695),
('Rabu', 10, 'Comedy', 11776474),
('Minggu', 14, 'Howto and Style', 11713703),
('Sabtu', 0, 'Comedy', 11439519),
('Jumat', 17, 'Comedy', 11397512),
('Selasa', 15, 'Science and Technology', 11297523),
('Senin', 19, 'Sports', 11275214),
('Selasa', 21, 'Howto and Style', 11210999),
('Sabtu', 21, 'Comedy', 11206205),
('Selasa', 8, 'Sports', 10929299),
('Selasa', 10, 'Comedy', 10913964),
('Rabu', 21, 'Sports', 10734736),
('Selasa', 14, 'Howto and Style', 10619227),
('Senin', 23, 'Sports', 10562557),
('Rabu', 17, 'People and Blogs', 10505931),
('Jumat', 0, 'People and Blogs', 10455839),
('Sabtu', 1, 'Science and Technology', 10426014),
('Jumat', 12, 'Science and Technology', 10378640),
('Rabu', 17, 'Comedy', 10267059),
('Kamis', 12, 'Sports', 10239488),
('Kamis', 21, 'Science and Technology', 9734834),
('Sabtu', 15, 'Science and Technology', 9723913),
('Kamis', 3, 'Science and Technology', 9501049),
('Rabu', 11, 'Comedy', 9456028),
('Jumat', 12, 'Howto and Style', 9247646),
('Senin', 14, 'Science and Technology', 9233752),
('Rabu', 18, 'Film and Animation', 9184189),
('Senin', 14, 'Howto and Style', 9182086),
('Rabu', 11, 'Science and Technology', 9007843),
('Sabtu', 6, 'Comedy', 8916605),
('Rabu', 16, 'Comedy', 8546655),
('Minggu', 13, 'People and Blogs', 8513239),
('Rabu', 21, 'Comedy', 8466986),
('Senin', 18, 'People and Blogs', 8420578),
('Kamis', 14, 'People and Blogs', 8410252),
('Rabu', 18, 'Howto and Style', 8396428),
('Rabu', 16, 'Howto and Style', 8306116),
('Sabtu', 1, 'People and Blogs', 8077341),
('Jumat', 11, 'Science and Technology', 8066093),
('Jumat', 15, 'Film and Animation', 7965577),
('Rabu', 21, 'Science and Technology', 7845546),
('Kamis', 19, 'People and Blogs', 7637486),
('Jumat', 9, 'Science and Technology', 7397977),
('Jumat', 22, 'Comedy', 7320314),
('Kamis', 6, 'Comedy', 7300706),
('Minggu', 15, 'Comedy', 7276493),
('Senin', 11, 'People and Blogs', 7157230),
('Senin', 7, 'Sports', 7151971),
('Jumat', 17, 'Howto and Style', 7116468),
('Kamis', 17, 'Science and Technology', 7077201),
('Sabtu', 14, 'People and Blogs', 7032338),
('Selasa', 18, 'Science and Technology', 7028193),
('Rabu', 17, 'Howto and Style', 6932165),
('Rabu', 19, 'Howto and Style', 6870468),
('Kamis', 18, 'Science and Technology', 6851917),
('Senin', 16, 'Science and Technology', 6741288),
('Rabu', 19, 'Comedy', 6677023),
('Minggu', 17, 'Science and Technology', 6650390),
('Rabu', 2, 'Sports', 6641926),
('Minggu', 9, 'Comedy', 6610961),
('Kamis', 18, 'Howto and Style', 6477108),
('Rabu', 12, 'Science and Technology', 6421857),
('Senin', 18, 'Howto and Style', 6214359),
('Sabtu', 10, 'People and Blogs', 6204780),
('Sabtu', 11, 'Science and Technology', 6185996),
('Kamis', 2, 'Howto and Style', 6156164),
('Sabtu', 21, 'Howto and Style', 6073994),
('Selasa', 1, 'Comedy', 6054102),
('Kamis', 22, 'People and Blogs', 5938776),
('Rabu', 17, 'Science and Technology', 5936624),
('Rabu', 18, 'Comedy', 5870526),
('Minggu', 12, 'Howto and Style', 5831462),
('Sabtu', 15, 'Sports', 5749277),
('Sabtu', 11, 'People and Blogs', 5729435),
('Kamis', 18, 'Comedy', 5728231),
('Rabu', 23, 'Howto and Style', 5604162),
('Senin', 11, 'Howto and Style', 5593698),
('Minggu', 20, 'Comedy', 5272322),
('Jumat', 16, 'People and Blogs', 5239937),
('Selasa', 9, 'Film and Animation', 5209340),
('Jumat', 17, 'People and Blogs', 5155179),
('Sabtu', 7, 'Science and Technology', 5133259),
('Senin', 12, 'Comedy', 5114706),
('Selasa', 9, 'Howto and Style', 5072032),
('Sabtu', 19, 'Howto and Style', 5052094),
('Minggu', 17, 'Howto and Style', 5051802),
('Senin', 9, 'Comedy', 5049379),
('Rabu', 10, 'Science and Technology', 5048041),
('Selasa', 15, 'Howto and Style', 4993890),
('Jumat', 5, 'Comedy', 4930045),
('Minggu', 22, 'Science and Technology', 4866033),
('Selasa', 10, 'Howto and Style', 4845148),
('Minggu', 8, 'Sports', 4819836),
('Selasa', 12, 'Science and Technology', 4784779),
('Jumat', 11, 'Film and Animation', 4769962),
('Kamis', 23, 'Comedy', 4743401),
('Selasa', 15, 'Comedy', 4726294),
('Sabtu', 3, 'Howto and Style', 4705730),
('Sabtu', 2, 'People and Blogs', 4656607),
('Rabu', 14, 'People and Blogs', 4635261),
('Rabu', 9, 'Howto and Style', 4622627),
('Senin', 14, 'People and Blogs', 4517818),
('Rabu', 1, 'Sports', 4515832),
('Sabtu', 14, 'Comedy', 4508080),
('Sabtu', 18, 'Howto and Style', 4500846),
('Senin', 13, 'Film and Animation', 4496841),
('Kamis', 11, 'Sports', 4485239),
('Jumat', 2, 'Sports', 4441675),
('Sabtu', 13, 'Film and Animation', 4430795),
('Jumat', 12, 'Sports', 4424972),
('Minggu', 11, 'People and Blogs', 4410236),
('Sabtu', 17, 'People and Blogs', 4281945),
('Sabtu', 12, 'Comedy', 4265537),
('Kamis', 10, 'Sports', 4199629),
('Sabtu', 22, 'Comedy', 4182989),
('Kamis', 17, 'People and Blogs', 4157043),
('Minggu', 13, 'Sports', 4136383),
('Rabu', 12, 'Comedy', 4063677),
('Rabu', 1, 'Comedy', 4033600),
('Kamis', 20, 'Science and Technology', 3991950),
('Rabu', 19, 'People and Blogs', 3981700),
('Selasa', 15, 'Film and Animation', 3974363),
('Sabtu', 13, 'People and Blogs', 3974071),
('Selasa', 23, 'Comedy', 3859073),
('Minggu', 11, 'Sports', 3817650),
('Jumat', 10, 'People and Blogs', 3816949),
('Kamis', 16, 'Comedy', 3816814),
('Sabtu', 16, 'People and Blogs', 3807931),
('Rabu', 8, 'People and Blogs', 3793503),
('Kamis', 20, 'Film and Animation', 3704898),
('Minggu', 10, 'Science and Technology', 3651547),
('Rabu', 22, 'Howto and Style', 3647565),
('Sabtu', 20, 'Howto and Style', 3622589),
('Minggu', 10, 'People and Blogs', 3610158),
('Sabtu', 11, 'Comedy', 3553235),
('Rabu', 11, 'People and Blogs', 3536567),
('Kamis', 21, 'People and Blogs', 3495915),
('Rabu', 14, 'Comedy', 3493622),
('Minggu', 3, 'Howto and Style', 3473591),
('Jumat', 23, 'Sports', 3443633),
('Rabu', 3, 'Howto and Style', 3397020),
('Rabu', 14, 'Howto and Style', 3272648),
('Kamis', 20, 'Sports', 3269130),
('Minggu', 18, 'Comedy', 3180612),
('Senin', 20, 'Science and Technology', 3147107),
('Sabtu', 6, 'Howto and Style', 3091426),
('Rabu', 8, 'Sports', 3072918),
('Minggu', 16, 'People and Blogs', 3057076),
('Selasa', 22, 'Comedy', 3051104),
('Sabtu', 9, 'Film and Animation', 3018113),
('Sabtu', 12, 'Howto and Style', 2939863),
('Selasa', 17, 'Comedy', 2927641),
('Rabu', 8, 'Howto and Style', 2892284),
('Minggu', 20, 'Sports', 2887562),
('Jumat', 14, 'Science and Technology', 2825257),
('Jumat', 15, 'People and Blogs', 2794818),
('Rabu', 3, 'Comedy', 2765121),
('Kamis', 23, 'People and Blogs', 2750071),
('Jumat', 8, 'Science and Technology', 2739526),
('Selasa', 11, 'Comedy', 2736375),
('Rabu', 20, 'Science and Technology', 2697525),
('Rabu', 4, 'Film and Animation', 2671536),
('Rabu', 3, 'Science and Technology', 2660090),
('Sabtu', 12, 'Sports', 2639619),
('Kamis', 3, 'People and Blogs', 2632725),
('Sabtu', 16, 'Comedy', 2632615),
('Selasa', 18, 'Comedy', 2536289),
('Minggu', 5, 'Sports', 2535999),
('Sabtu', 15, 'Howto and Style', 2518191),
('Sabtu', 14, 'Sports', 2517679),
('Kamis', 16, 'People and Blogs', 2469275),
('Rabu', 22, 'Film and Animation', 2441407),
('Kamis', 16, 'Howto and Style', 2420098),
('Kamis', 11, 'People and Blogs', 2401895),
('Kamis', 4, 'Comedy', 2343247),
('Rabu', 4, 'Science and Technology', 2329917),
('Kamis', 20, 'People and Blogs', 2326064),
('Minggu', 10, 'Sports', 2315576),
('Selasa', 3, 'Howto and Style', 2289685),
('Jumat', 6, 'People and Blogs', 2284670),
('Kamis', 7, 'Comedy', 2276353),
('Sabtu', 20, 'Comedy', 2255371),
('Sabtu', 2, 'Science and Technology', 2247876),
('Minggu', 15, 'Science and Technology', 2247148),
('Senin', 19, 'Comedy', 2230721),
('Sabtu', 11, 'Howto and Style', 2178698),
('Kamis', 0, 'Comedy', 2104371),
('Rabu', 6, 'Comedy', 2083676),
('Senin', 17, 'Howto and Style', 2073800),
('Minggu', 18, 'Howto and Style', 2065356),
('Selasa', 10, 'Science and Technology', 2057043),
('Jumat', 12, 'Comedy', 2052828),
('Rabu', 12, 'Howto and Style', 2052591),
('Jumat', 19, 'Science and Technology', 2036283),
('Jumat', 19, 'Howto and Style', 2036060),
('Rabu', 10, 'People and Blogs', 2032409),
('Rabu', 23, 'Comedy', 2030625),
('Senin', 12, 'Howto and Style', 2029159),
('Minggu', 16, 'Howto and Style', 2022381),
('Rabu', 5, 'Comedy', 2003275),
('Sabtu', 6, 'People and Blogs', 2000143),
('Rabu', 13, 'Howto and Style', 1979986),
('Minggu', 2, 'Film and Animation', 1976721),
('Sabtu', 13, 'Sports', 1971358),
('Kamis', 22, 'Science and Technology', 1952676),
('Rabu', 2, 'People and Blogs', 1946440),
('Rabu', 12, 'Sports', 1880365),
('Selasa', 6, 'Film and Animation', 1876334),
('Minggu', 21, 'Sports', 1851653),
('Kamis', 11, 'Film and Animation', 1827823),
('Rabu', 21, 'People and Blogs', 1793473),
('Kamis', 10, 'Howto and Style', 1792468),
('Selasa', 19, 'Comedy', 1737228),
('Sabtu', 11, 'Sports', 1734355),
('Kamis', 22, 'Howto and Style', 1691459),
('Sabtu', 23, 'People and Blogs', 1673771),
('Minggu', 15, 'Sports', 1670542),
('Sabtu', 8, 'Comedy', 1669230),
('Sabtu', 17, 'Science and Technology', 1660164),
('Jumat', 21, 'Howto and Style', 1658981),
('Jumat', 17, 'Film and Animation', 1658978),
('Rabu', 13, 'People and Blogs', 1630391),
('Selasa', 20, 'Science and Technology', 1581668),
('Jumat', 8, 'People and Blogs', 1565783),
('Senin', 22, 'Sports', 1523725),
('Selasa', 14, 'People and Blogs', 1523061),
('Selasa', 13, 'People and Blogs', 1500742),
('Senin', 13, 'Howto and Style', 1480226),
('Selasa', 11, 'Howto and Style', 1477466),
('Selasa', 5, 'People and Blogs', 1427547),
('Sabtu', 22, 'Howto and Style', 1424542),
('Sabtu', 19, 'People and Blogs', 1419823),
('Minggu', 14, 'People and Blogs', 1412039),
('Minggu', 9, 'Film and Animation', 1410622),
('Senin', 21, 'Sports', 1386691),
('Minggu', 21, 'People and Blogs', 1330172),
('Selasa', 20, 'Howto and Style', 1302484),
('Selasa', 0, 'Sports', 1299636),
('Rabu', 20, 'Comedy', 1286722),
('Selasa', 22, 'Science and Technology', 1253425),
('Kamis', 9, 'Science and Technology', 1228750),
('Jumat', 16, 'Howto and Style', 1216544),
('Senin', 2, 'Sports', 1204817),
('Jumat', 14, 'People and Blogs', 1173898),
('Sabtu', 21, 'Film and Animation', 1171185),
('Senin', 11, 'Film and Animation', 1164146),
('Jumat', 13, 'People and Blogs', 1139373),
('Sabtu', 10, 'Howto and Style', 1138251),
('Kamis', 22, 'Sports', 1116515),
('Jumat', 18, 'People and Blogs', 1095898),
('Rabu', 15, 'Sports', 1080072),
('Rabu', 15, 'Film and Animation', 1064013),
('Sabtu', 10, 'Sports', 1049567),
('Selasa', 16, 'Science and Technology', 1042341),
('Selasa', 17, 'Science and Technology', 1029859),
('Rabu', 12, 'People and Blogs', 1021787),
('Kamis', 1, 'Comedy', 1020652),
('Rabu', 16, 'Sports', 1004000),
('Selasa', 0, 'Comedy', 1002039),
('Jumat', 0, 'Science and Technology', 982654),
('Minggu', 14, 'Science and Technology', 975557),
('Sabtu', 13, 'Howto and Style', 972826),
('Jumat', 18, 'Howto and Style', 939198),
('Sabtu', 12, 'Film and Animation', 936824),
('Jumat', 19, 'People and Blogs', 905036),
('Sabtu', 18, 'Sports', 902184),
('Selasa', 9, 'Comedy', 901686),
('Selasa', 21, 'People and Blogs', 893385),
('Minggu', 6, 'Comedy', 882710),
('Jumat', 14, 'Sports', 879022),
('Rabu', 18, 'Sports', 877986),
('Selasa', 15, 'Sports', 874258),
('Kamis', 9, 'Comedy', 857470),
('Sabtu', 16, 'Sports', 847019),
('Jumat', 10, 'Comedy', 841195),
('Sabtu', 12, 'People and Blogs', 837051),
('Selasa', 12, 'Sports', 813717),
('Rabu', 23, 'Film and Animation', 807564),
('Kamis', 8, 'People and Blogs', 805951),
('Selasa', 15, 'People and Blogs', 785274),
('Selasa', 7, 'Science and Technology', 783397),
('Kamis', 10, 'Science and Technology', 777251),
('Kamis', 14, 'Howto and Style', 764938),
('Selasa', 11, 'People and Blogs', 764200),
('Kamis', 16, 'Film and Animation', 762208),
('Selasa', 9, 'People and Blogs', 735626),
('Jumat', 18, 'Sports', 730068),
('Kamis', 19, 'Film and Animation', 728542),
('Kamis', 13, 'People and Blogs', 724361),
('Sabtu', 9, 'Science and Technology', 708300),
('Senin', 11, 'Science and Technology', 706260),
('Kamis', 20, 'Howto and Style', 690864),
('Selasa', 19, 'People and Blogs', 690496),
('Kamis', 2, 'People and Blogs', 689274),
('Kamis', 1, 'Sports', 688655),
('Rabu', 20, 'Sports', 688500),
('Minggu', 16, 'Sports', 677885),
('Jumat', 1, 'Sports', 653665),
('Kamis', 18, 'Film and Animation', 638368),
('Kamis', 19, 'Science and Technology', 626952),
('Sabtu', 7, 'Sports', 611840),
('Selasa', 18, 'Sports', 607592),
('Kamis', 8, 'Sports', 600905),
('Jumat', 10, 'Science and Technology', 589253),
('Senin', 0, 'Science and Technology', 578771),
('Kamis', 15, 'Sports', 562050),
('Jumat', 19, 'Sports', 560398),
('Senin', 2, 'People and Blogs', 558585),
('Sabtu', 19, 'Sports', 548926),
('Jumat', 21, 'Film and Animation', 533739),
('Kamis', 15, 'People and Blogs', 527908),
('Jumat', 20, 'Comedy', 527008),
('Kamis', 5, 'Comedy', 520251),
('Minggu', 20, 'Howto and Style', 516769),
('Rabu', 2, 'Howto and Style', 501239),
('Sabtu', 8, 'Science and Technology', 500381),
('Kamis', 17, 'Comedy', 497080),
('Senin', 22, 'Howto and Style', 485126),
('Senin', 19, 'Howto and Style', 476166),
('Kamis', 3, 'Film and Animation', 473366),
('Senin', 4, 'Howto and Style', 458745),
('Kamis', 11, 'Comedy', 456068),
('Jumat', 6, 'Comedy', 453610),
('Rabu', 2, 'Science and Technology', 452537),
('Jumat', 20, 'Howto and Style', 451113),
('Selasa', 22, 'Sports', 448937),
('Rabu', 21, 'Howto and Style', 444366),
('Kamis', 13, 'Sports', 429118),
('Senin', 13, 'Sports', 427279),
('Senin', 0, 'Sports', 416925),
('Jumat', 10, 'Sports', 408375),
('Senin', 12, 'People and Blogs', 405897),
('Jumat', 8, 'Sports', 403780),
('Minggu', 13, 'Film and Animation', 392004),
('Jumat', 13, 'Sports', 391333),
('Sabtu', 10, 'Comedy', 388396),
('Senin', 3, 'Sports', 384829),
('Jumat', 8, 'Howto and Style', 383468),
('Minggu', 14, 'Sports', 379571),
('Selasa', 12, 'Film and Animation', 370790),
('Jumat', 17, 'Science and Technology', 347282),
('Minggu', 0, 'Howto and Style', 345015),
('Jumat', 3, 'Howto and Style', 343037),
('Rabu', 3, 'Film and Animation', 339208),
('Selasa', 18, 'Howto and Style', 327407),
('Selasa', 21, 'Film and Animation', 325885),
('Senin', 9, 'Film and Animation', 324120),
('Minggu', 9, 'Sports', 312897),
('Rabu', 10, 'Sports', 297485),
('Kamis', 15, 'Howto and Style', 291454),
('Sabtu', 8, 'Film and Animation', 278785),
('Sabtu', 7, 'Film and Animation', 277454),
('Sabtu', 23, 'Film and Animation', 270321),
('Kamis', 8, 'Howto and Style', 261540),
('Sabtu', 7, 'People and Blogs', 256506),
('Sabtu', 20, 'Science and Technology', 253740),
('Jumat', 22, 'Sports', 247378),
('Kamis', 15, 'Film and Animation', 246270),
('Jumat', 0, 'Sports', 242642),
('Jumat', 20, 'Film and Animation', 241523),
('Sabtu', 13, 'Science and Technology', 240246),
('Senin', 9, 'Sports', 238071),
('Sabtu', 17, 'Film and Animation', 233441),
('Jumat', 19, 'Comedy', 229716),
('Minggu', 20, 'Science and Technology', 228399),
('Selasa', 6, 'Sports', 228099),
('Selasa', 13, 'Howto and Style', 227283),
('Senin', 17, 'Sports', 226800),
('Jumat', 20, 'People and Blogs', 225107),
('Senin', 10, 'People and Blogs', 222545),
('Sabtu', 18, 'People and Blogs', 216921),
('Sabtu', 11, 'Film and Animation', 211041),
('Selasa', 13, 'Sports', 210467),
('Kamis', 17, 'Howto and Style', 208282),
('Minggu', 11, 'Science and Technology', 204398),
('Selasa', 19, 'Sports', 201941),
('Selasa', 22, 'Howto and Style', 200293),
('Jumat', 7, 'Film and Animation', 191448),
('Selasa', 8, 'Howto and Style', 190083),
('Jumat', 9, 'People and Blogs', 190023),
('Jumat', 7, 'Comedy', 189818),
('Selasa', 11, 'Film and Animation', 188512),
('Rabu', 21, 'Film and Animation', 186366),
('Rabu', 9, 'Sports', 183730),
('Selasa', 22, 'People and Blogs', 183369),
('Sabtu', 5, 'Comedy', 178325),
('Selasa', 3, 'People and Blogs', 174320),
('Sabtu', 17, 'Comedy', 169357),
('Sabtu', 22, 'Film and Animation', 168131),
('Sabtu', 16, 'Film and Animation', 164333),
('Selasa', 14, 'Sports', 161543),
('Jumat', 20, 'Sports', 159875),
('Senin', 12, 'Sports', 148739),
('Minggu', 9, 'Science and Technology', 148089),
('Kamis', 2, 'Sports', 146536),
('Rabu', 20, 'People and Blogs', 142024),
('Rabu', 15, 'Science and Technology', 139674),
('Minggu', 4, 'Howto and Style', 135805),
('Sabtu', 22, 'Sports', 133829),
('Sabtu', 6, 'Science and Technology', 131136),
('Kamis', 23, 'Film and Animation', 127907),
('Sabtu', 22, 'People and Blogs', 120474),
('Minggu', 0, 'Sports', 118865),
('Selasa', 17, 'Howto and Style', 115908),
('Selasa', 17, 'Film and Animation', 114859),
('Kamis', 11, 'Howto and Style', 112786),
('Senin', 10, 'Comedy', 107650),
('Minggu', 11, 'Film and Animation', 103859),
('Selasa', 12, 'Howto and Style', 102062),
('Senin', 19, 'Science and Technology', 101100),
('Minggu', 7, 'Howto and Style', 98962),
('Jumat', 16, 'Sports', 96348),
('Senin', 18, 'Science and Technology', 89132),
('Selasa', 10, 'Sports', 89113),
('Kamis', 0, 'Sports', 88684),
('Kamis', 22, 'Comedy', 83425),
('Selasa', 8, 'Comedy', 82573),
('Jumat', 15, 'Howto and Style', 82190),
('Rabu', 23, 'Science and Technology', 81932),
('Jumat', 9, 'Howto and Style', 77630),
('Sabtu', 8, 'People and Blogs', 70148),
('Sabtu', 5, 'Film and Animation', 68025),
('Rabu', 7, 'Comedy', 54392),
('Jumat', 11, 'Comedy', 51143),
('Selasa', 3, 'Film and Animation', 49596),
('Senin', 15, 'Sports', 47614),
('Jumat', 10, 'Film and Animation', 42187),
('Minggu', 1, 'Sports', 42046),
('Minggu', 19, 'Sports', 36411),
('Selasa', 2, 'People and Blogs', 33260),
('Sabtu', 19, 'Comedy', 31293),
('Selasa', 20, 'Film and Animation', 30858),
('Kamis', 11, 'Science and Technology', 27778),
('Kamis', 12, 'Film and Animation', 25796),
('Senin', 1, 'Science and Technology', 25780),
('Minggu', 3, 'Science and Technology', 24311),
('Selasa', 19, 'Film and Animation', 24247),
('Senin', 17, 'Film and Animation', 21441),
('Senin', 21, 'Comedy', 18916),
('Selasa', 3, 'Science and Technology', 15544),
('Sabtu', 16, 'Science and Technology', 14114),
('Kamis', 8, 'Comedy', 13676),
('Minggu', 23, 'Science and Technology', 12787),
('Sabtu', 10, 'Science and Technology', 12740),
('Rabu', 19, 'Film and Animation', 12515),
('Kamis', 14, 'Science and Technology', 12411),
('Senin', 8, 'Science and Technology', 11924),
('Sabtu', 8, 'Sports', 11917),
('Sabtu', 14, 'Science and Technology', 11525),
('Jumat', 11, 'People and Blogs', 10915),
('Kamis', 21, 'Sports', 9202),
('Selasa', 11, 'Science and Technology', 9158),
('Senin', 22, 'People and Blogs', 8266),
('Rabu', 22, 'People and Blogs', 7087),
('Kamis', 19, 'Howto and Style', 5373),
('Minggu', 19, 'Science and Technology', 5224),
('Minggu', 7, 'Sports', 4644),
('Selasa', 9, 'Science and Technology', 4636),
('Rabu', 5, 'Howto and Style', 4371),
('Selasa', 5, 'Howto and Style', 3757),
('Minggu', 12, 'People and Blogs', 3114),
('Selasa', 16, 'Film and Animation', 3053),
('Jumat', 17, 'Sports', 2951),
('Selasa', 13, 'Science and Technology', 2367),
('Minggu', 16, 'Science and Technology', 1827),
('Senin', 8, 'Sports', 1722);

-- --------------------------------------------------------

--
-- Table structure for table `dayhourcatnow`
--

CREATE TABLE `dayhourcatnow` (
  `publish_wday` varchar(10) NOT NULL,
  `publish_hour` int(10) NOT NULL,
  `category_id` varchar(30) NOT NULL,
  `views` int(20) NOT NULL
) ENGINE=InnoDB DEFAULT CHARSET=utf8;

--
-- Dumping data for table `dayhourcatnow`
--

INSERT INTO `dayhourcatnow` (`publish_wday`, `publish_hour`, `category_id`, `views`) VALUES
('Minggu', 10, 'Film and Animation', 224231108),
('Minggu', 14, 'Film and Animation', 46678094),
('Minggu', 16, 'Comedy', 42570464),
('Minggu', 15, 'Film and Animation', 41371202),
('Minggu', 11, 'Howto and Style', 39299376),
('Minggu', 19, 'Comedy', 25379192),
('Minggu', 13, 'Howto and Style', 23909626),
('Minggu', 13, 'Comedy', 23815728),
('Minggu', 12, 'Comedy', 23312395),
('Minggu', 14, 'Comedy', 22533337),
('Minggu', 10, 'Howto and Style', 19689540),
('Minggu', 17, 'People and Blogs', 19472918),
('Minggu', 15, 'Howto and Style', 18410513),
('Minggu', 10, 'Comedy', 16086205),
('Minggu', 7, 'Comedy', 11986407),
('Minggu', 19, 'Howto and Style', 11813695),
('Minggu', 14, 'Howto and Style', 11713703),
('Minggu', 13, 'People and Blogs', 8513239),
('Minggu', 15, 'Comedy', 7276493),
('Minggu', 17, 'Science and Technology', 6650390),
('Minggu', 9, 'Comedy', 6610961),
('Minggu', 12, 'Howto and Style', 5831462),
('Minggu', 20, 'Comedy', 5272322),
('Minggu', 17, 'Howto and Style', 5051802),
('Minggu', 22, 'Science and Technology', 4866033),
('Minggu', 8, 'Sports', 4819836),
('Minggu', 11, 'People and Blogs', 4410236),
('Minggu', 13, 'Sports', 4136383),
('Minggu', 11, 'Sports', 3817650),
('Minggu', 10, 'Science and Technology', 3651547),
('Minggu', 10, 'People and Blogs', 3610158),
('Minggu', 3, 'Howto and Style', 3473591),
('Minggu', 18, 'Comedy', 3180612),
('Minggu', 16, 'People and Blogs', 3057076),
('Minggu', 20, 'Sports', 2887562),
('Minggu', 5, 'Sports', 2535999),
('Minggu', 10, 'Sports', 2315576),
('Minggu', 15, 'Science and Technology', 2247148),
('Minggu', 18, 'Howto and Style', 2065356),
('Minggu', 16, 'Howto and Style', 2022381),
('Minggu', 2, 'Film and Animation', 1976721),
('Minggu', 21, 'Sports', 1851653),
('Minggu', 15, 'Sports', 1670542),
('Minggu', 14, 'People and Blogs', 1412039),
('Minggu', 9, 'Film and Animation', 1410622),
('Minggu', 21, 'People and Blogs', 1330172),
('Minggu', 14, 'Science and Technology', 975557),
('Minggu', 6, 'Comedy', 882710),
('Minggu', 16, 'Sports', 677885),
('Minggu', 20, 'Howto and Style', 516769),
('Minggu', 13, 'Film and Animation', 392004),
('Minggu', 14, 'Sports', 379571),
('Minggu', 0, 'Howto and Style', 345015),
('Minggu', 9, 'Sports', 312897),
('Minggu', 20, 'Science and Technology', 228399),
('Minggu', 11, 'Science and Technology', 204398),
('Minggu', 9, 'Science and Technology', 148089),
('Minggu', 4, 'Howto and Style', 135805),
('Minggu', 0, 'Sports', 118865),
('Minggu', 11, 'Film and Animation', 103859),
('Minggu', 7, 'Howto and Style', 98962),
('Minggu', 1, 'Sports', 42046),
('Minggu', 19, 'Sports', 36411),
('Minggu', 3, 'Science and Technology', 24311),
('Minggu', 23, 'Science and Technology', 12787),
('Minggu', 19, 'Science and Technology', 5224),
('Minggu', 7, 'Sports', 4644),
('Minggu', 12, 'People and Blogs', 3114),
('Minggu', 16, 'Science and Technology', 1827),
('Sabtu', 0, 'People and Blogs', 130844499),
('Sabtu', 13, 'Comedy', 77078636),
('Sabtu', 14, 'Film and Animation', 41677665),
('Sabtu', 17, 'Howto and Style', 32278202),
('Sabtu', 2, 'Howto and Style', 30557393),
('Sabtu', 21, 'Science and Technology', 23832561),
('Sabtu', 7, 'Howto and Style', 22422154),
('Sabtu', 16, 'Howto and Style', 16887638),
('Sabtu', 14, 'Howto and Style', 14256692),
('Sabtu', 20, 'People and Blogs', 13720265),
('Sabtu', 4, 'Film and Animation', 13362123),
('Sabtu', 0, 'Comedy', 11439519),
('Sabtu', 21, 'Comedy', 11206205),
('Sabtu', 1, 'Science and Technology', 10426014),
('Sabtu', 15, 'Science and Technology', 9723913),
('Sabtu', 6, 'Comedy', 8916605),
('Sabtu', 1, 'People and Blogs', 8077341),
('Sabtu', 14, 'People and Blogs', 7032338),
('Sabtu', 10, 'People and Blogs', 6204780),
('Sabtu', 11, 'Science and Technology', 6185996),
('Sabtu', 21, 'Howto and Style', 6073994),
('Sabtu', 15, 'Sports', 5749277),
('Sabtu', 11, 'People and Blogs', 5729435),
('Sabtu', 7, 'Science and Technology', 5133259),
('Sabtu', 19, 'Howto and Style', 5052094),
('Sabtu', 3, 'Howto and Style', 4705730),
('Sabtu', 2, 'People and Blogs', 4656607),
('Sabtu', 14, 'Comedy', 4508080),
('Sabtu', 18, 'Howto and Style', 4500846),
('Sabtu', 13, 'Film and Animation', 4430795),
('Sabtu', 17, 'People and Blogs', 4281945),
('Sabtu', 12, 'Comedy', 4265537),
('Sabtu', 22, 'Comedy', 4182989),
('Sabtu', 13, 'People and Blogs', 3974071),
('Sabtu', 16, 'People and Blogs', 3807931),
('Sabtu', 20, 'Howto and Style', 3622589),
('Sabtu', 11, 'Comedy', 3553235),
('Sabtu', 6, 'Howto and Style', 3091426),
('Sabtu', 9, 'Film and Animation', 3018113),
('Sabtu', 12, 'Howto and Style', 2939863),
('Sabtu', 12, 'Sports', 2639619),
('Sabtu', 16, 'Comedy', 2632615),
('Sabtu', 15, 'Howto and Style', 2518191),
('Sabtu', 14, 'Sports', 2517679),
('Sabtu', 20, 'Comedy', 2255371),
('Sabtu', 2, 'Science and Technology', 2247876),
('Sabtu', 11, 'Howto and Style', 2178698),
('Sabtu', 6, 'People and Blogs', 2000143),
('Sabtu', 13, 'Sports', 1971358),
('Sabtu', 11, 'Sports', 1734355),
('Sabtu', 23, 'People and Blogs', 1673771),
('Sabtu', 8, 'Comedy', 1669230),
('Sabtu', 17, 'Science and Technology', 1660164),
('Sabtu', 22, 'Howto and Style', 1424542),
('Sabtu', 19, 'People and Blogs', 1419823),
('Sabtu', 21, 'Film and Animation', 1171185),
('Sabtu', 10, 'Howto and Style', 1138251),
('Sabtu', 10, 'Sports', 1049567),
('Sabtu', 13, 'Howto and Style', 972826),
('Sabtu', 12, 'Film and Animation', 936824),
('Sabtu', 18, 'Sports', 902184),
('Sabtu', 16, 'Sports', 847019),
('Sabtu', 12, 'People and Blogs', 837051),
('Sabtu', 9, 'Science and Technology', 708300),
('Sabtu', 7, 'Sports', 611840),
('Sabtu', 19, 'Sports', 548926),
('Sabtu', 8, 'Science and Technology', 500381),
('Sabtu', 10, 'Comedy', 388396),
('Sabtu', 8, 'Film and Animation', 278785),
('Sabtu', 7, 'Film and Animation', 277454),
('Sabtu', 23, 'Film and Animation', 270321),
('Sabtu', 7, 'People and Blogs', 256506),
('Sabtu', 20, 'Science and Technology', 253740),
('Sabtu', 13, 'Science and Technology', 240246),
('Sabtu', 17, 'Film and Animation', 233441),
('Sabtu', 18, 'People and Blogs', 216921),
('Sabtu', 11, 'Film and Animation', 211041),
('Sabtu', 5, 'Comedy', 178325),
('Sabtu', 17, 'Comedy', 169357),
('Sabtu', 22, 'Film and Animation', 168131),
('Sabtu', 16, 'Film and Animation', 164333),
('Sabtu', 22, 'Sports', 133829),
('Sabtu', 6, 'Science and Technology', 131136),
('Sabtu', 22, 'People and Blogs', 120474),
('Sabtu', 8, 'People and Blogs', 70148),
('Sabtu', 5, 'Film and Animation', 68025),
('Sabtu', 19, 'Comedy', 31293),
('Sabtu', 16, 'Science and Technology', 14114),
('Sabtu', 10, 'Science and Technology', 12740),
('Sabtu', 8, 'Sports', 11917),
('Sabtu', 14, 'Science and Technology', 11525),
('Jumat', 16, 'Comedy', 104355749),
('Jumat', 13, 'Comedy', 85442641),
('Jumat', 16, 'Science and Technology', 83145437),
('Jumat', 21, 'Comedy', 58096725),
('Jumat', 11, 'Howto and Style', 53227256),
('Jumat', 1, 'Comedy', 51248389),
('Jumat', 12, 'Film and Animation', 49343325),
('Jumat', 22, 'People and Blogs', 38140887),
('Jumat', 9, 'Film and Animation', 36064225),
('Jumat', 9, 'Comedy', 30570501),
('Jumat', 23, 'Comedy', 23301893),
('Jumat', 2, 'People and Blogs', 22554027),
('Jumat', 0, 'Comedy', 19235213),
('Jumat', 13, 'Film and Animation', 17478567),
('Jumat', 13, 'Howto and Style', 17156206),
('Jumat', 15, 'Comedy', 13970571),
('Jumat', 18, 'Comedy', 13942465),
('Jumat', 14, 'Comedy', 13824458),
('Jumat', 21, 'People and Blogs', 13621944),
('Jumat', 17, 'Comedy', 11397512),
('Jumat', 0, 'People and Blogs', 10455839),
('Jumat', 12, 'Science and Technology', 10378640),
('Jumat', 12, 'Howto and Style', 9247646),
('Jumat', 11, 'Science and Technology', 8066093),
('Jumat', 15, 'Film and Animation', 7965577),
('Jumat', 9, 'Science and Technology', 7397977),
('Jumat', 22, 'Comedy', 7320314),
('Jumat', 17, 'Howto and Style', 7116468),
('Jumat', 16, 'People and Blogs', 5239937),
('Jumat', 17, 'People and Blogs', 5155179),
('Jumat', 5, 'Comedy', 4930045),
('Jumat', 11, 'Film and Animation', 4769962),
('Jumat', 2, 'Sports', 4441675),
('Jumat', 12, 'Sports', 4424972),
('Jumat', 10, 'People and Blogs', 3816949),
('Jumat', 23, 'Sports', 3443633),
('Jumat', 14, 'Science and Technology', 2825257),
('Jumat', 15, 'People and Blogs', 2794818),
('Jumat', 8, 'Science and Technology', 2739526),
('Jumat', 6, 'People and Blogs', 2284670),
('Jumat', 12, 'Comedy', 2052828),
('Jumat', 19, 'Science and Technology', 2036283),
('Jumat', 19, 'Howto and Style', 2036060),
('Jumat', 21, 'Howto and Style', 1658981),
('Jumat', 17, 'Film and Animation', 1658978),
('Jumat', 8, 'People and Blogs', 1565783),
('Jumat', 16, 'Howto and Style', 1216544),
('Jumat', 14, 'People and Blogs', 1173898),
('Jumat', 13, 'People and Blogs', 1139373),
('Jumat', 18, 'People and Blogs', 1095898),
('Jumat', 0, 'Science and Technology', 982654),
('Jumat', 18, 'Howto and Style', 939198),
('Jumat', 19, 'People and Blogs', 905036),
('Jumat', 14, 'Sports', 879022),
('Jumat', 10, 'Comedy', 841195),
('Jumat', 18, 'Sports', 730068),
('Jumat', 1, 'Sports', 653665),
('Jumat', 10, 'Science and Technology', 589253),
('Jumat', 19, 'Sports', 560398),
('Jumat', 21, 'Film and Animation', 533739),
('Jumat', 20, 'Comedy', 527008),
('Jumat', 6, 'Comedy', 453610),
('Jumat', 20, 'Howto and Style', 451113),
('Jumat', 10, 'Sports', 408375),
('Jumat', 8, 'Sports', 403780),
('Jumat', 13, 'Sports', 391333),
('Jumat', 8, 'Howto and Style', 383468),
('Jumat', 17, 'Science and Technology', 347282),
('Jumat', 3, 'Howto and Style', 343037),
('Jumat', 22, 'Sports', 247378),
('Jumat', 0, 'Sports', 242642),
('Jumat', 20, 'Film and Animation', 241523),
('Jumat', 19, 'Comedy', 229716),
('Jumat', 20, 'People and Blogs', 225107),
('Jumat', 7, 'Film and Animation', 191448),
('Jumat', 9, 'People and Blogs', 190023),
('Jumat', 7, 'Comedy', 189818),
('Jumat', 20, 'Sports', 159875),
('Jumat', 16, 'Sports', 96348),
('Jumat', 15, 'Howto and Style', 82190),
('Jumat', 9, 'Howto and Style', 77630),
('Jumat', 11, 'Comedy', 51143),
('Jumat', 10, 'Film and Animation', 42187),
('Jumat', 11, 'People and Blogs', 10915),
('Jumat', 17, 'Sports', 2951),
('Kamis', 9, 'Film and Animation', 108070857),
('Kamis', 12, 'Comedy', 70178701),
('Kamis', 15, 'Comedy', 55196612),
('Kamis', 13, 'Comedy', 52498078),
('Kamis', 10, 'Film and Animation', 43665310),
('Kamis', 18, 'Sports', 32007446),
('Kamis', 8, 'Film and Animation', 24664336),
('Kamis', 15, 'Science and Technology', 23588469),
('Kamis', 9, 'Howto and Style', 18629978),
('Kamis', 12, 'Science and Technology', 17379775),
('Kamis', 18, 'People and Blogs', 15994811),
('Kamis', 13, 'Howto and Style', 15691526),
('Kamis', 14, 'Film and Animation', 15551977),
('Kamis', 20, 'Comedy', 15066292),
('Kamis', 14, 'Comedy', 14979553),
('Kamis', 4, 'Sports', 14964217),
('Kamis', 2, 'Science and Technology', 14415528),
('Kamis', 12, 'Howto and Style', 14304347),
('Kamis', 12, 'People and Blogs', 12271023),
('Kamis', 12, 'Sports', 10239488),
('Kamis', 21, 'Science and Technology', 9734834),
('Kamis', 3, 'Science and Technology', 9501049),
('Kamis', 14, 'People and Blogs', 8410252),
('Kamis', 19, 'People and Blogs', 7637486),
('Kamis', 6, 'Comedy', 7300706),
('Kamis', 17, 'Science and Technology', 7077201),
('Kamis', 18, 'Science and Technology', 6851917),
('Kamis', 18, 'Howto and Style', 6477108),
('Kamis', 2, 'Howto and Style', 6156164),
('Kamis', 22, 'People and Blogs', 5938776),
('Kamis', 18, 'Comedy', 5728231),
('Kamis', 23, 'Comedy', 4743401),
('Kamis', 11, 'Sports', 4485239),
('Kamis', 10, 'Sports', 4199629),
('Kamis', 17, 'People and Blogs', 4157043),
('Kamis', 20, 'Science and Technology', 3991950),
('Kamis', 16, 'Comedy', 3816814),
('Kamis', 20, 'Film and Animation', 3704898),
('Kamis', 21, 'People and Blogs', 3495915),
('Kamis', 20, 'Sports', 3269130),
('Kamis', 23, 'People and Blogs', 2750071),
('Kamis', 3, 'People and Blogs', 2632725),
('Kamis', 16, 'People and Blogs', 2469275),
('Kamis', 16, 'Howto and Style', 2420098),
('Kamis', 11, 'People and Blogs', 2401895),
('Kamis', 4, 'Comedy', 2343247),
('Kamis', 20, 'People and Blogs', 2326064),
('Kamis', 7, 'Comedy', 2276353),
('Kamis', 0, 'Comedy', 2104371),
('Kamis', 22, 'Science and Technology', 1952676),
('Kamis', 11, 'Film and Animation', 1827823),
('Kamis', 10, 'Howto and Style', 1792468),
('Kamis', 22, 'Howto and Style', 1691459),
('Kamis', 9, 'Science and Technology', 1228750),
('Kamis', 22, 'Sports', 1116515),
('Kamis', 1, 'Comedy', 1020652),
('Kamis', 9, 'Comedy', 857470),
('Kamis', 8, 'People and Blogs', 805951),
('Kamis', 10, 'Science and Technology', 777251),
('Kamis', 14, 'Howto and Style', 764938),
('Kamis', 16, 'Film and Animation', 762208),
('Kamis', 19, 'Film and Animation', 728542),
('Kamis', 13, 'People and Blogs', 724361),
('Kamis', 20, 'Howto and Style', 690864),
('Kamis', 2, 'People and Blogs', 689274),
('Kamis', 1, 'Sports', 688655),
('Kamis', 18, 'Film and Animation', 638368),
('Kamis', 19, 'Science and Technology', 626952),
('Kamis', 8, 'Sports', 600905),
('Kamis', 15, 'Sports', 562050),
('Kamis', 15, 'People and Blogs', 527908),
('Kamis', 5, 'Comedy', 520251),
('Kamis', 17, 'Comedy', 497080),
('Kamis', 3, 'Film and Animation', 473366),
('Kamis', 11, 'Comedy', 456068),
('Kamis', 13, 'Sports', 429118),
('Kamis', 15, 'Howto and Style', 291454),
('Kamis', 8, 'Howto and Style', 261540),
('Kamis', 15, 'Film and Animation', 246270),
('Kamis', 17, 'Howto and Style', 208282),
('Kamis', 2, 'Sports', 146536),
('Kamis', 23, 'Film and Animation', 127907),
('Kamis', 11, 'Howto and Style', 112786),
('Kamis', 0, 'Sports', 88684),
('Kamis', 22, 'Comedy', 83425),
('Kamis', 11, 'Science and Technology', 27778),
('Kamis', 12, 'Film and Animation', 25796),
('Kamis', 8, 'Comedy', 13676),
('Kamis', 14, 'Science and Technology', 12411),
('Kamis', 21, 'Sports', 9202),
('Kamis', 19, 'Howto and Style', 5373),
('Rabu', 13, 'Film and Animation', 103876681),
('Rabu', 17, 'Sports', 71277371),
('Rabu', 16, 'Science and Technology', 65252901),
('Rabu', 15, 'Howto and Style', 53301950),
('Rabu', 12, 'Film and Animation', 41251731),
('Rabu', 8, 'Film and Animation', 31465892),
('Rabu', 19, 'Science and Technology', 27130076),
('Rabu', 13, 'Comedy', 26227309),
('Rabu', 0, 'Sports', 26206976),
('Rabu', 14, 'Film and Animation', 24909523),
('Rabu', 10, 'Film and Animation', 23795508),
('Rabu', 16, 'Film and Animation', 22475520),
('Rabu', 15, 'Comedy', 22178484),
('Rabu', 9, 'Film and Animation', 21768123),
('Rabu', 15, 'People and Blogs', 20192235),
('Rabu', 11, 'Howto and Style', 18816093),
('Rabu', 7, 'Howto and Style', 18098822),
('Rabu', 16, 'People and Blogs', 16932199),
('Rabu', 9, 'Science and Technology', 16843112),
('Rabu', 11, 'Film and Animation', 15783103),
('Rabu', 7, 'Science and Technology', 14680379),
('Rabu', 18, 'People and Blogs', 13506837),
('Rabu', 10, 'Howto and Style', 13238328),
('Rabu', 11, 'Sports', 12973186),
('Rabu', 14, 'Science and Technology', 12456643),
('Rabu', 10, 'Comedy', 11776474),
('Rabu', 21, 'Sports', 10734736),
('Rabu', 17, 'People and Blogs', 10505931),
('Rabu', 17, 'Comedy', 10267059),
('Rabu', 11, 'Comedy', 9456028),
('Rabu', 18, 'Film and Animation', 9184189),
('Rabu', 11, 'Science and Technology', 9007843),
('Rabu', 16, 'Comedy', 8546655),
('Rabu', 21, 'Comedy', 8466986),
('Rabu', 18, 'Howto and Style', 8396428),
('Rabu', 16, 'Howto and Style', 8306116),
('Rabu', 21, 'Science and Technology', 7845546),
('Rabu', 17, 'Howto and Style', 6932165),
('Rabu', 19, 'Howto and Style', 6870468),
('Rabu', 19, 'Comedy', 6677023),
('Rabu', 2, 'Sports', 6641926),
('Rabu', 12, 'Science and Technology', 6421857),
('Rabu', 17, 'Science and Technology', 5936624),
('Rabu', 18, 'Comedy', 5870526),
('Rabu', 23, 'Howto and Style', 5604162),
('Rabu', 10, 'Science and Technology', 5048041),
('Rabu', 14, 'People and Blogs', 4635261),
('Rabu', 9, 'Howto and Style', 4622627),
('Rabu', 1, 'Sports', 4515832),
('Rabu', 12, 'Comedy', 4063677),
('Rabu', 1, 'Comedy', 4033600),
('Rabu', 19, 'People and Blogs', 3981700),
('Rabu', 8, 'People and Blogs', 3793503),
('Rabu', 22, 'Howto and Style', 3647565),
('Rabu', 11, 'People and Blogs', 3536567),
('Rabu', 14, 'Comedy', 3493622),
('Rabu', 3, 'Howto and Style', 3397020),
('Rabu', 14, 'Howto and Style', 3272648),
('Rabu', 8, 'Sports', 3072918),
('Rabu', 8, 'Howto and Style', 2892284),
('Rabu', 3, 'Comedy', 2765121),
('Rabu', 20, 'Science and Technology', 2697525),
('Rabu', 4, 'Film and Animation', 2671536),
('Rabu', 3, 'Science and Technology', 2660090),
('Rabu', 22, 'Film and Animation', 2441407),
('Rabu', 4, 'Science and Technology', 2329917),
('Rabu', 6, 'Comedy', 2083676),
('Rabu', 12, 'Howto and Style', 2052591),
('Rabu', 10, 'People and Blogs', 2032409),
('Rabu', 23, 'Comedy', 2030625),
('Rabu', 5, 'Comedy', 2003275),
('Rabu', 13, 'Howto and Style', 1979986),
('Rabu', 2, 'People and Blogs', 1946440),
('Rabu', 12, 'Sports', 1880365),
('Rabu', 21, 'People and Blogs', 1793473),
('Rabu', 13, 'People and Blogs', 1630391),
('Rabu', 20, 'Comedy', 1286722),
('Rabu', 15, 'Sports', 1080072),
('Rabu', 15, 'Film and Animation', 1064013),
('Rabu', 12, 'People and Blogs', 1021787),
('Rabu', 16, 'Sports', 1004000),
('Rabu', 18, 'Sports', 877986),
('Rabu', 23, 'Film and Animation', 807564),
('Rabu', 20, 'Sports', 688500),
('Rabu', 2, 'Howto and Style', 501239),
('Rabu', 2, 'Science and Technology', 452537),
('Rabu', 21, 'Howto and Style', 444366),
('Rabu', 3, 'Film and Animation', 339208),
('Rabu', 10, 'Sports', 297485),
('Rabu', 21, 'Film and Animation', 186366),
('Rabu', 9, 'Sports', 183730),
('Rabu', 20, 'People and Blogs', 142024),
('Rabu', 15, 'Science and Technology', 139674),
('Rabu', 23, 'Science and Technology', 81932),
('Rabu', 7, 'Comedy', 54392),
('Rabu', 19, 'Film and Animation', 12515),
('Rabu', 22, 'People and Blogs', 7087),
('Rabu', 5, 'Howto and Style', 4371),
('Selasa', 17, 'Sports', 80145205),
('Selasa', 12, 'Comedy', 51293999),
('Selasa', 17, 'People and Blogs', 45907542),
('Selasa', 16, 'People and Blogs', 45368467),
('Selasa', 18, 'People and Blogs', 32377423),
('Selasa', 16, 'Comedy', 31856279),
('Selasa', 23, 'Sports', 31693612),
('Selasa', 19, 'Science and Technology', 29298594),
('Selasa', 13, 'Comedy', 23261171),
('Selasa', 12, 'People and Blogs', 21711312),
('Selasa', 20, 'Comedy', 21497158),
('Selasa', 10, 'People and Blogs', 20608054),
('Selasa', 14, 'Film and Animation', 15676500),
('Selasa', 14, 'Science and Technology', 13963528),
('Selasa', 15, 'Science and Technology', 11297523),
('Selasa', 21, 'Howto and Style', 11210999),
('Selasa', 8, 'Sports', 10929299),
('Selasa', 10, 'Comedy', 10913964),
('Selasa', 14, 'Howto and Style', 10619227),
('Selasa', 18, 'Science and Technology', 7028193),
('Selasa', 1, 'Comedy', 6054102),
('Selasa', 9, 'Film and Animation', 5209340),
('Selasa', 9, 'Howto and Style', 5072032),
('Selasa', 15, 'Howto and Style', 4993890),
('Selasa', 10, 'Howto and Style', 4845148),
('Selasa', 12, 'Science and Technology', 4784779),
('Selasa', 15, 'Comedy', 4726294),
('Selasa', 15, 'Film and Animation', 3974363),
('Selasa', 23, 'Comedy', 3859073),
('Selasa', 22, 'Comedy', 3051104),
('Selasa', 17, 'Comedy', 2927641),
('Selasa', 11, 'Comedy', 2736375),
('Selasa', 18, 'Comedy', 2536289),
('Selasa', 3, 'Howto and Style', 2289685),
('Selasa', 10, 'Science and Technology', 2057043),
('Selasa', 6, 'Film and Animation', 1876334),
('Selasa', 19, 'Comedy', 1737228),
('Selasa', 20, 'Science and Technology', 1581668),
('Selasa', 14, 'People and Blogs', 1523061),
('Selasa', 13, 'People and Blogs', 1500742),
('Selasa', 11, 'Howto and Style', 1477466),
('Selasa', 5, 'People and Blogs', 1427547),
('Selasa', 20, 'Howto and Style', 1302484),
('Selasa', 0, 'Sports', 1299636),
('Selasa', 22, 'Science and Technology', 1253425),
('Selasa', 16, 'Science and Technology', 1042341),
('Selasa', 17, 'Science and Technology', 1029859),
('Selasa', 0, 'Comedy', 1002039),
('Selasa', 9, 'Comedy', 901686),
('Selasa', 21, 'People and Blogs', 893385),
('Selasa', 15, 'Sports', 874258),
('Selasa', 12, 'Sports', 813717),
('Selasa', 15, 'People and Blogs', 785274),
('Selasa', 7, 'Science and Technology', 783397),
('Selasa', 11, 'People and Blogs', 764200),
('Selasa', 9, 'People and Blogs', 735626),
('Selasa', 19, 'People and Blogs', 690496),
('Selasa', 18, 'Sports', 607592),
('Selasa', 22, 'Sports', 448937),
('Selasa', 12, 'Film and Animation', 370790),
('Selasa', 18, 'Howto and Style', 327407),
('Selasa', 21, 'Film and Animation', 325885),
('Selasa', 6, 'Sports', 228099),
('Selasa', 13, 'Howto and Style', 227283),
('Selasa', 13, 'Sports', 210467),
('Selasa', 19, 'Sports', 201941),
('Selasa', 22, 'Howto and Style', 200293),
('Selasa', 8, 'Howto and Style', 190083),
('Selasa', 11, 'Film and Animation', 188512),
('Selasa', 22, 'People and Blogs', 183369),
('Selasa', 3, 'People and Blogs', 174320),
('Selasa', 14, 'Sports', 161543),
('Selasa', 17, 'Howto and Style', 115908),
('Selasa', 17, 'Film and Animation', 114859),
('Selasa', 12, 'Howto and Style', 102062),
('Selasa', 10, 'Sports', 89113),
('Selasa', 8, 'Comedy', 82573),
('Selasa', 3, 'Film and Animation', 49596),
('Selasa', 2, 'People and Blogs', 33260),
('Selasa', 20, 'Film and Animation', 30858),
('Selasa', 19, 'Film and Animation', 24247),
('Selasa', 3, 'Science and Technology', 15544),
('Selasa', 11, 'Science and Technology', 9158),
('Selasa', 9, 'Science and Technology', 4636),
('Selasa', 5, 'Howto and Style', 3757),
('Selasa', 16, 'Film and Animation', 3053),
('Selasa', 13, 'Science and Technology', 2367),
('Senin', 3, 'Howto and Style', 207117244),
('Senin', 19, 'People and Blogs', 39309347),
('Senin', 14, 'Comedy', 32255774),
('Senin', 10, 'Science and Technology', 28495748),
('Senin', 20, 'Sports', 26230110),
('Senin', 15, 'People and Blogs', 19143841),
('Senin', 16, 'People and Blogs', 18194385),
('Senin', 10, 'Howto and Style', 15734897),
('Senin', 20, 'Film and Animation', 15640713),
('Senin', 0, 'People and Blogs', 15637035),
('Senin', 12, 'Film and Animation', 13838396),
('Senin', 18, 'Comedy', 13149455),
('Senin', 1, 'Comedy', 12484874),
('Senin', 19, 'Sports', 11275214),
('Senin', 23, 'Sports', 10562557),
('Senin', 14, 'Science and Technology', 9233752),
('Senin', 14, 'Howto and Style', 9182086),
('Senin', 18, 'People and Blogs', 8420578),
('Senin', 11, 'People and Blogs', 7157230),
('Senin', 7, 'Sports', 7151971),
('Senin', 16, 'Science and Technology', 6741288),
('Senin', 18, 'Howto and Style', 6214359),
('Senin', 11, 'Howto and Style', 5593698),
('Senin', 12, 'Comedy', 5114706),
('Senin', 9, 'Comedy', 5049379),
('Senin', 14, 'People and Blogs', 4517818),
('Senin', 13, 'Film and Animation', 4496841),
('Senin', 20, 'Science and Technology', 3147107),
('Senin', 19, 'Comedy', 2230721),
('Senin', 17, 'Howto and Style', 2073800),
('Senin', 12, 'Howto and Style', 2029159),
('Senin', 22, 'Sports', 1523725),
('Senin', 13, 'Howto and Style', 1480226),
('Senin', 21, 'Sports', 1386691),
('Senin', 2, 'Sports', 1204817),
('Senin', 11, 'Film and Animation', 1164146),
('Senin', 11, 'Science and Technology', 706260),
('Senin', 0, 'Science and Technology', 578771),
('Senin', 2, 'People and Blogs', 558585),
('Senin', 22, 'Howto and Style', 485126),
('Senin', 19, 'Howto and Style', 476166),
('Senin', 4, 'Howto and Style', 458745),
('Senin', 13, 'Sports', 427279),
('Senin', 0, 'Sports', 416925),
('Senin', 12, 'People and Blogs', 405897),
('Senin', 3, 'Sports', 384829),
('Senin', 9, 'Film and Animation', 324120),
('Senin', 9, 'Sports', 238071),
('Senin', 17, 'Sports', 226800),
('Senin', 10, 'People and Blogs', 222545),
('Senin', 12, 'Sports', 148739),
('Senin', 10, 'Comedy', 107650),
('Senin', 19, 'Science and Technology', 101100),
('Senin', 18, 'Science and Technology', 89132),
('Senin', 15, 'Sports', 47614),
('Senin', 1, 'Science and Technology', 25780),
('Senin', 17, 'Film and Animation', 21441),
('Senin', 21, 'Comedy', 18916),
('Senin', 8, 'Science and Technology', 11924),
('Senin', 22, 'People and Blogs', 8266),
('Senin', 8, 'Sports', 1722);

-- --------------------------------------------------------

--
-- Table structure for table `pubh`
--

CREATE TABLE `pubh` (
  `publish_hour` int(10) NOT NULL,
  `views` int(20) NOT NULL
) ENGINE=InnoDB DEFAULT CHARSET=utf8;

--
-- Dumping data for table `pubh`
--

INSERT INTO `pubh` (`publish_hour`, `views`) VALUES
(13, 505706858),
(16, 501928897),
(10, 473772892),
(12, 397917970),
(14, 358019032),
(17, 344898400),
(15, 337992683),
(9, 276248875),
(3, 240346466),
(11, 232235102),
(0, 220998683),
(18, 203857823),
(19, 189069340),
(21, 175924459),
(20, 133655710),
(1, 99270950),
(2, 99180605),
(8, 91229460),
(23, 90963309),
(7, 84217806),
(22, 80637732),
(4, 36265590),
(6, 29249115),
(5, 11671595);

-- --------------------------------------------------------

--
-- Table structure for table `pubhcat`
--

CREATE TABLE `pubhcat` (
  `publish_hour` int(10) NOT NULL,
  `category_id` varchar(30) NOT NULL,
  `views` int(20) NOT NULL
) ENGINE=InnoDB DEFAULT CHARSET=utf8;

--
-- Dumping data for table `pubhcat`
--

INSERT INTO `pubhcat` (`publish_hour`, `category_id`, `views`) VALUES
(10, 'Film and Animation', 291734113),
(13, 'Comedy', 288323563),
(3, 'Howto and Style', 221326307),
(16, 'Comedy', 193778576),
(9, 'Film and Animation', 175865400),
(12, 'Comedy', 160281843),
(0, 'People and Blogs', 156937373),
(16, 'Science and Technology', 156197908),
(17, 'Sports', 151652327),
(14, 'Film and Animation', 144493759),
(13, 'Film and Animation', 130674888),
(11, 'Howto and Style', 120705373),
(12, 'Film and Animation', 105766862),
(15, 'Comedy', 103348454),
(16, 'People and Blogs', 95069270),
(14, 'Comedy', 91594824),
(17, 'People and Blogs', 89480558),
(15, 'Howto and Style', 79598188),
(21, 'Comedy', 77788832),
(1, 'Comedy', 74841617),
(18, 'People and Blogs', 71612468),
(13, 'Howto and Style', 61417679),
(19, 'Science and Technology', 59198229),
(10, 'Howto and Style', 56438632),
(8, 'Film and Animation', 56409013),
(15, 'Film and Animation', 54621425),
(19, 'People and Blogs', 53943888),
(17, 'Howto and Style', 53776627),
(14, 'Howto and Style', 49809294),
(15, 'Science and Technology', 46996727),
(20, 'Comedy', 45904873),
(23, 'Sports', 45699802),
(18, 'Comedy', 44407578),
(22, 'People and Blogs', 44398859),
(9, 'Comedy', 43989997),
(15, 'People and Blogs', 43444076),
(21, 'Science and Technology', 41412941),
(10, 'Science and Technology', 40631623),
(7, 'Howto and Style', 40619938),
(10, 'Comedy', 40113884),
(14, 'Science and Technology', 39478673),
(12, 'Science and Technology', 38965051),
(2, 'Howto and Style', 37214796),
(12, 'Howto and Style', 36507130),
(10, 'People and Blogs', 36494895),
(19, 'Comedy', 36285173),
(12, 'People and Blogs', 36250184),
(18, 'Sports', 35125276),
(23, 'Comedy', 33934992),
(0, 'Comedy', 33781142),
(20, 'Sports', 33235177),
(16, 'Howto and Style', 30852777),
(2, 'People and Blogs', 30438193),
(18, 'Howto and Style', 28920702),
(14, 'People and Blogs', 28704667),
(9, 'Howto and Style', 28402267),
(0, 'Sports', 28373728),
(9, 'Science and Technology', 26330864),
(19, 'Howto and Style', 26253856),
(17, 'Comedy', 25258649),
(11, 'Science and Technology', 24207526),
(11, 'Film and Animation', 24048446),
(11, 'People and Blogs', 24010478),
(16, 'Film and Animation', 23405114),
(11, 'Sports', 23010430),
(17, 'Science and Technology', 22701520),
(21, 'People and Blogs', 21134889),
(7, 'Science and Technology', 20597035),
(12, 'Sports', 20146900),
(8, 'Sports', 19840377),
(6, 'Comedy', 19637307),
(20, 'Film and Animation', 19617992),
(21, 'Howto and Style', 19388340),
(13, 'People and Blogs', 17482177),
(2, 'Science and Technology', 17115941),
(20, 'People and Blogs', 16413460),
(11, 'Comedy', 16252849),
(4, 'Film and Animation', 16033659),
(4, 'Sports', 14964217),
(22, 'Comedy', 14637832),
(7, 'Comedy', 14506970),
(21, 'Sports', 13982282),
(18, 'Science and Technology', 13969242),
(19, 'Sports', 12622890),
(2, 'Sports', 12434954),
(3, 'Science and Technology', 12200994),
(20, 'Science and Technology', 11900389),
(1, 'Science and Technology', 10451794),
(15, 'Sports', 9983813),
(18, 'Film and Animation', 9822557),
(10, 'Sports', 8359745),
(1, 'People and Blogs', 8077341),
(22, 'Science and Technology', 8072134),
(7, 'Sports', 7768455),
(5, 'Comedy', 7631896),
(13, 'Sports', 7565938),
(22, 'Howto and Style', 7448985),
(20, 'Howto and Style', 6583819),
(8, 'People and Blogs', 6235385),
(1, 'Sports', 5900198),
(23, 'Howto and Style', 5604162),
(23, 'People and Blogs', 4423842),
(6, 'People and Blogs', 4284813),
(14, 'Sports', 3937815),
(8, 'Howto and Style', 3727375),
(22, 'Sports', 3470384),
(8, 'Science and Technology', 3251831),
(6, 'Howto and Style', 3091426),
(3, 'People and Blogs', 2807045),
(3, 'Comedy', 2765121),
(16, 'Sports', 2625252),
(22, 'Film and Animation', 2609538),
(5, 'Sports', 2535999),
(4, 'Comedy', 2343247),
(4, 'Science and Technology', 2329917),
(21, 'Film and Animation', 2217175),
(17, 'Film and Animation', 2028719),
(2, 'Film and Animation', 1976721),
(6, 'Film and Animation', 1876334),
(8, 'Comedy', 1765479),
(0, 'Science and Technology', 1561425),
(5, 'People and Blogs', 1427547),
(23, 'Film and Animation', 1205792),
(9, 'People and Blogs', 925649),
(3, 'Film and Animation', 862170),
(19, 'Film and Animation', 765304),
(9, 'Sports', 734698),
(4, 'Howto and Style', 594550),
(7, 'Film and Animation', 468902),
(3, 'Sports', 384829),
(0, 'Howto and Style', 345015),
(7, 'People and Blogs', 256506),
(13, 'Science and Technology', 242613),
(6, 'Sports', 228099),
(6, 'Science and Technology', 131136),
(23, 'Science and Technology', 94719),
(5, 'Film and Animation', 68025),
(5, 'Howto and Style', 8128),
(10, 'Film and Animation', 291734113),
(13, 'Comedy', 288323563),
(3, 'Howto and Style', 221326307),
(16, 'Comedy', 193778576),
(9, 'Film and Animation', 175865400),
(12, 'Comedy', 160281843),
(0, 'People and Blogs', 156937373),
(16, 'Science and Technology', 156197908),
(17, 'Sports', 151652327),
(14, 'Film and Animation', 144493759),
(13, 'Film and Animation', 130674888),
(11, 'Howto and Style', 120705373),
(12, 'Film and Animation', 105766862),
(15, 'Comedy', 103348454),
(16, 'People and Blogs', 95069270),
(14, 'Comedy', 91594824),
(17, 'People and Blogs', 89480558),
(15, 'Howto and Style', 79598188),
(21, 'Comedy', 77788832),
(1, 'Comedy', 74841617),
(18, 'People and Blogs', 71612468),
(13, 'Howto and Style', 61417679),
(19, 'Science and Technology', 59198229),
(10, 'Howto and Style', 56438632),
(8, 'Film and Animation', 56409013),
(15, 'Film and Animation', 54621425),
(19, 'People and Blogs', 53943888),
(17, 'Howto and Style', 53776627),
(14, 'Howto and Style', 49809294),
(15, 'Science and Technology', 46996727),
(20, 'Comedy', 45904873),
(23, 'Sports', 45699802),
(18, 'Comedy', 44407578),
(22, 'People and Blogs', 44398859),
(9, 'Comedy', 43989997),
(15, 'People and Blogs', 43444076),
(21, 'Science and Technology', 41412941),
(10, 'Science and Technology', 40631623),
(7, 'Howto and Style', 40619938),
(10, 'Comedy', 40113884),
(14, 'Science and Technology', 39478673),
(12, 'Science and Technology', 38965051),
(2, 'Howto and Style', 37214796),
(12, 'Howto and Style', 36507130),
(10, 'People and Blogs', 36494895),
(19, 'Comedy', 36285173),
(12, 'People and Blogs', 36250184),
(18, 'Sports', 35125276),
(23, 'Comedy', 33934992),
(0, 'Comedy', 33781142),
(20, 'Sports', 33235177),
(16, 'Howto and Style', 30852777),
(2, 'People and Blogs', 30438193),
(18, 'Howto and Style', 28920702),
(14, 'People and Blogs', 28704667),
(9, 'Howto and Style', 28402267),
(0, 'Sports', 28373728),
(9, 'Science and Technology', 26330864),
(19, 'Howto and Style', 26253856),
(17, 'Comedy', 25258649),
(11, 'Science and Technology', 24207526),
(11, 'Film and Animation', 24048446),
(11, 'People and Blogs', 24010478),
(16, 'Film and Animation', 23405114),
(11, 'Sports', 23010430),
(17, 'Science and Technology', 22701520),
(21, 'People and Blogs', 21134889),
(7, 'Science and Technology', 20597035),
(12, 'Sports', 20146900),
(8, 'Sports', 19840377),
(6, 'Comedy', 19637307),
(20, 'Film and Animation', 19617992),
(21, 'Howto and Style', 19388340),
(13, 'People and Blogs', 17482177),
(2, 'Science and Technology', 17115941),
(20, 'People and Blogs', 16413460),
(11, 'Comedy', 16252849),
(4, 'Film and Animation', 16033659),
(4, 'Sports', 14964217),
(22, 'Comedy', 14637832),
(7, 'Comedy', 14506970),
(21, 'Sports', 13982282),
(18, 'Science and Technology', 13969242),
(19, 'Sports', 12622890),
(2, 'Sports', 12434954),
(3, 'Science and Technology', 12200994),
(20, 'Science and Technology', 11900389),
(1, 'Science and Technology', 10451794),
(15, 'Sports', 9983813),
(18, 'Film and Animation', 9822557),
(10, 'Sports', 8359745),
(1, 'People and Blogs', 8077341),
(22, 'Science and Technology', 8072134),
(7, 'Sports', 7768455),
(5, 'Comedy', 7631896),
(13, 'Sports', 7565938),
(22, 'Howto and Style', 7448985),
(20, 'Howto and Style', 6583819),
(8, 'People and Blogs', 6235385),
(1, 'Sports', 5900198),
(23, 'Howto and Style', 5604162),
(23, 'People and Blogs', 4423842),
(6, 'People and Blogs', 4284813),
(14, 'Sports', 3937815),
(8, 'Howto and Style', 3727375),
(22, 'Sports', 3470384),
(8, 'Science and Technology', 3251831),
(6, 'Howto and Style', 3091426),
(3, 'People and Blogs', 2807045),
(3, 'Comedy', 2765121),
(16, 'Sports', 2625252),
(22, 'Film and Animation', 2609538),
(5, 'Sports', 2535999),
(4, 'Comedy', 2343247),
(4, 'Science and Technology', 2329917),
(21, 'Film and Animation', 2217175),
(17, 'Film and Animation', 2028719),
(2, 'Film and Animation', 1976721),
(6, 'Film and Animation', 1876334),
(8, 'Comedy', 1765479),
(0, 'Science and Technology', 1561425),
(5, 'People and Blogs', 1427547),
(23, 'Film and Animation', 1205792),
(9, 'People and Blogs', 925649),
(3, 'Film and Animation', 862170),
(19, 'Film and Animation', 765304),
(9, 'Sports', 734698),
(4, 'Howto and Style', 594550),
(7, 'Film and Animation', 468902),
(3, 'Sports', 384829),
(0, 'Howto and Style', 345015),
(7, 'People and Blogs', 256506),
(13, 'Science and Technology', 242613),
(6, 'Sports', 228099),
(6, 'Science and Technology', 131136),
(23, 'Science and Technology', 94719),
(5, 'Film and Animation', 68025),
(5, 'Howto and Style', 8128);

-- --------------------------------------------------------

--
-- Table structure for table `pubhcatnow`
--

CREATE TABLE `pubhcatnow` (
  `publish_hour` int(10) NOT NULL,
  `category_id` varchar(30) NOT NULL,
  `views` int(20) NOT NULL
) ENGINE=InnoDB DEFAULT CHARSET=utf8;

--
-- Dumping data for table `pubhcatnow`
--

INSERT INTO `pubhcatnow` (`publish_hour`, `category_id`, `views`) VALUES
(23, 'Sports', 45699802),
(23, 'Comedy', 33934992),
(23, 'Howto and Style', 5604162),
(23, 'People and Blogs', 4423842),
(23, 'Film and Animation', 1205792),
(23, 'Science and Technology', 94719),
(22, 'People and Blogs', 44398859),
(22, 'Comedy', 14637832),
(22, 'Science and Technology', 8072134),
(22, 'Howto and Style', 7448985),
(22, 'Sports', 3470384),
(22, 'Film and Animation', 2609538),
(21, 'Comedy', 77788832),
(21, 'Science and Technology', 41412941),
(21, 'People and Blogs', 21134889),
(21, 'Howto and Style', 19388340),
(21, 'Sports', 13982282),
(21, 'Film and Animation', 2217175),
(20, 'Comedy', 45904873),
(20, 'Sports', 33235177),
(20, 'Film and Animation', 19617992),
(20, 'People and Blogs', 16413460),
(20, 'Science and Technology', 11900389),
(20, 'Howto and Style', 6583819),
(19, 'Science and Technology', 59198229),
(19, 'People and Blogs', 53943888),
(19, 'Comedy', 36285173),
(19, 'Howto and Style', 26253856),
(19, 'Sports', 12622890),
(19, 'Film and Animation', 765304),
(18, 'People and Blogs', 71612468),
(18, 'Comedy', 44407578),
(18, 'Sports', 35125276),
(18, 'Howto and Style', 28920702),
(18, 'Science and Technology', 13969242),
(18, 'Film and Animation', 9822557),
(17, 'Sports', 151652327),
(17, 'People and Blogs', 89480558),
(17, 'Howto and Style', 53776627),
(17, 'Comedy', 25258649),
(17, 'Science and Technology', 22701520),
(17, 'Film and Animation', 2028719),
(16, 'Comedy', 193778576),
(16, 'Science and Technology', 156197908),
(16, 'People and Blogs', 95069270),
(16, 'Howto and Style', 30852777),
(16, 'Film and Animation', 23405114),
(16, 'Sports', 2625252),
(15, 'Comedy', 103348454),
(15, 'Howto and Style', 79598188),
(15, 'Film and Animation', 54621425),
(15, 'Science and Technology', 46996727),
(15, 'People and Blogs', 43444076),
(15, 'Sports', 9983813),
(14, 'Film and Animation', 144493759),
(14, 'Comedy', 91594824),
(14, 'Howto and Style', 49809294),
(14, 'Science and Technology', 39478673),
(14, 'People and Blogs', 28704667),
(14, 'Sports', 3937815),
(13, 'Comedy', 288323563),
(13, 'Film and Animation', 130674888),
(13, 'Howto and Style', 61417679),
(13, 'People and Blogs', 17482177),
(13, 'Sports', 7565938),
(13, 'Science and Technology', 242613),
(12, 'Comedy', 160281843),
(12, 'Film and Animation', 105766862),
(12, 'Science and Technology', 38965051),
(12, 'Howto and Style', 36507130),
(12, 'People and Blogs', 36250184),
(12, 'Sports', 20146900),
(11, 'Howto and Style', 120705373),
(11, 'Science and Technology', 24207526),
(11, 'Film and Animation', 24048446),
(11, 'People and Blogs', 24010478),
(11, 'Sports', 23010430),
(11, 'Comedy', 16252849),
(10, 'Film and Animation', 291734113),
(10, 'Howto and Style', 56438632),
(10, 'Science and Technology', 40631623),
(10, 'Comedy', 40113884),
(10, 'People and Blogs', 36494895),
(10, 'Sports', 8359745),
(9, 'Film and Animation', 175865400),
(9, 'Comedy', 43989997),
(9, 'Howto and Style', 28402267),
(9, 'Science and Technology', 26330864),
(9, 'People and Blogs', 925649),
(9, 'Sports', 734698),
(8, 'Film and Animation', 56409013),
(8, 'Sports', 19840377),
(8, 'People and Blogs', 6235385),
(8, 'Howto and Style', 3727375),
(8, 'Science and Technology', 3251831),
(8, 'Comedy', 1765479),
(7, 'Howto and Style', 40619938),
(7, 'Science and Technology', 20597035),
(7, 'Comedy', 14506970),
(7, 'Sports', 7768455),
(7, 'Film and Animation', 468902),
(7, 'People and Blogs', 256506),
(6, 'Comedy', 19637307),
(6, 'People and Blogs', 4284813),
(6, 'Howto and Style', 3091426),
(6, 'Film and Animation', 1876334),
(6, 'Sports', 228099),
(6, 'Science and Technology', 131136),
(5, 'Comedy', 7631896),
(5, 'Sports', 2535999),
(5, 'People and Blogs', 1427547),
(5, 'Film and Animation', 68025),
(5, 'Howto and Style', 8128),
(4, 'Film and Animation', 16033659),
(4, 'Sports', 14964217),
(4, 'Comedy', 2343247),
(4, 'Science and Technology', 2329917),
(4, 'Howto and Style', 594550),
(3, 'Howto and Style', 221326307),
(3, 'Science and Technology', 12200994),
(3, 'People and Blogs', 2807045),
(3, 'Comedy', 2765121),
(3, 'Film and Animation', 862170),
(3, 'Sports', 384829),
(2, 'Howto and Style', 37214796),
(2, 'People and Blogs', 30438193),
(2, 'Science and Technology', 17115941),
(2, 'Sports', 12434954),
(2, 'Film and Animation', 1976721),
(1, 'Comedy', 74841617),
(1, 'Science and Technology', 10451794),
(1, 'People and Blogs', 8077341),
(1, 'Sports', 5900198),
(0, 'People and Blogs', 156937373),
(0, 'Comedy', 33781142),
(0, 'Sports', 28373728),
(0, 'Science and Technology', 1561425),
(0, 'Howto and Style', 345015);
COMMIT;

/*!40101 SET CHARACTER_SET_CLIENT=@OLD_CHARACTER_SET_CLIENT */;
/*!40101 SET CHARACTER_SET_RESULTS=@OLD_CHARACTER_SET_RESULTS */;
/*!40101 SET COLLATION_CONNECTION=@OLD_COLLATION_CONNECTION */;
